<web-fragment version="3.0" xmlns="http://java.sun.com/xml/ns/javaee"
              xmlns:xsi="http://www.w3.org/2001/XMLSchema-instance"
              xsi:schemaLocation="http://java.sun.com/xml/ns/javaee http://java.sun.com/xml/ns/javaee/web-fragment_3_0.xsd">

    <name>dubbo-fragment</name>

    <ordering>
        <before>
            <others/>
        </before>
    </ordering>

    <context-param>
        <param-name>contextInitializerClasses</param-name>
        <param-value>org.apache.dubbo.config.spring.initializer.DubboApplicationContextInitializer</param-value>
    </context-param>

    <listener>
        <listener-class>org.springframework.web.context.ContextLoaderListener</listener-class>
    </listener>

</web-fragment>